Protein,Desert_1,Cold_Montane_1,Cool_Montane_1,Desert_2,Cold_Montane_2,Desert_3,Cool_Montane_2,Cool_Montane_3,Desert_4,Cold_Montane_3,Desert_5,Cool_Montane_4,Desert_6,Desert_7,Cold_Montane_4,Desert_8,Cool_Montane_5,Cool_Montane_6,Desert_15,Cold_Montane_5,Desert_9,Cool_Montane_7,Cool_Montane_8,Desert_10,Cool_Montane_9,Cold_Montane_6,Cool_Montane_10,Desert_11,Cold_Montane_10,Cold_Montane_7,Cold_Montane_8,Cool_Montane_11,Desert_12,Cold_Montane_9,Cold_Montane_14,Cool_Montane_12,Desert_13,Cold_Montane_11,Cold_Montane_12,Cool_Montane_13,Desert_14,Cold_Montane_13
NP_001118011.1,5.646551158,6.457348925,6.034548185,5.533177093,4.891994922,4.891994922,5.202031997,5.654082276,5.516244541,6.405212674,5.662554351,5.814101061,5.497418854,5.579153213,6.447383312,5.85998929,5.820534543,5.927623776,5.518130446,5.625586071,5.631927344,4.891994922,5.380554615,5.548156281,5.50078137,5.991795181,5.545045952,5.598644308,6.360210474,7.080612449,6.17712211,6.092936743,5.58324874,6.667618856,6.577976072,6.41365095,5.945061008,6.296659386,6.418048363,6.031022158,5.339919356,6.077601026
NP_001118207.1,11.52912136,10.55730453,10.24408269,10.87158149,9.093766026,11.96093079,10.35760005,10.26507745,10.90006303,9.709943157,11.53556918,8.422953687,10.73808222,10.92675206,11.47843246,10.87822652,9.481840341,11.01712224,11.24031047,10.49704194,10.54729707,9.032271171,10.60389126,10.7314592,10.05110944,10.58547304,9.051272338,10.88837427,9.359859944,10.65226326,10.86672652,10.06706842,10.9598989,10.17113045,10.98020901,10.00481924,11.45268473,9.750086157,10.69880169,10.9999311,10.97183982,9.480891773
XP_021413100.1,8.551323024,8.737195391,8.553846945,8.545941801,8.195280725,8.862183255,8.948248679,8.723719199,8.439072381,8.947121719,8.329438797,8.593614522,8.36854353,8.667225312,8.127647828,8.796177496,8.903601182,8.507770392,8.358107923,8.065436436,8.498386974,9.604090256,8.644811906,8.518876789,8.992861487,8.137424514,9.107551326,8.617457435,8.576844413,8.394840129,8.237315472,8.632013968,8.482869475,8.423767465,8.467979569,9.079366771,8.617270621,8.679962129,8.231620819,8.469097636,8.390877468,8.232833861
XP_021413104.1,5.872273179,6.165880501,5.640511435,6.674930212,4.891994922,6.488455223,6.495368922,6.280187228,7.001876492,6.048441798,6.639388588,6.063222712,6.527920021,6.876161908,5.985079138,6.103598006,5.983499718,6.429128164,6.98780985,6.605782684,6.922468246,4.891994922,6.364053164,6.668877707,6.139281965,6.374323204,6.307318448,6.143571088,5.726716252,6.096475138,4.891994922,6.139178588,7.150902785,5.27661604,5.389033166,6.299827008,6.371126271,5.627801153,5.754464952,7.064271837,6.438402777,5.680337662
XP_021413269.1,10.03574654,10.31135528,9.608804484,9.463014566,9.875107998,9.714718647,9.311637734,9.536239837,9.738922453,10.52883146,9.326506615,9.907592025,9.976177871,9.134323929,9.925395449,9.452419816,9.669708991,9.509486899,9.196856239,10.09407175,9.25290901,9.377463156,9.782480662,9.797626134,10.19419724,10.11477764,9.853029403,9.144308152,10.37595717,10.02527352,9.998943097,9.479131824,9.868167397,9.945718421,10.07691426,9.775115822,9.135997146,9.617447741,9.942522068,9.894658107,9.187320107,9.908797273
XP_021413307.1,7.260613547,9.2481844,8.32109727,7.891851131,10.37253909,7.204869133,8.767877875,8.822038211,7.343091499,9.762942616,7.749992909,9.814769772,8.113387604,8.824260166,8.043585684,8.544565488,9.646950722,9.072145618,7.982087165,8.310235421,8.718316374,9.604090256,8.489647041,9.102915112,8.665350562,8.514906662,9.494993715,7.789342668,7.869732929,8.709228975,8.080944867,9.72524993,7.655440806,8.957235185,8.159224361,9.238834021,7.846369467,9.391077251,9.434890444,8.593842822,8.663068496,9.829271502
XP_021413353.2,11.13963501,9.763724819,10.72306789,11.20203072,10.47211912,12.88986029,11.21372805,11.08880083,11.23897031,10.66820979,12.97935861,11.08987501,11.90857689,12.94146527,10.18852284,12.43212174,12.06804699,10.90960805,11.74262355,9.368620505,12.87181331,13.08667933,10.86715299,11.00372905,10.49076417,11.19940135,12.45672672,11.62004786,10.92773098,10.4419527,9.375592832,11.24166894,12.33481749,9.970373199,9.079279033,10.72611867,12.34660333,10.67613042,11.65206415,11.59205621,10.49938944,9.305133483
XP_021413539.2,8.338672092,6.883835723,7.585792346,8.177920258,7.229743054,8.568535495,8.275286229,7.405180006,8.582876977,6.657583827,8.591455001,7.245513806,8.502158501,8.465896697,8.486168761,8.633457045,6.616739638,7.601446231,9.338942408,8.207705388,8.241344217,4.891994922,8.261039669,8.188468906,6.916105393,8.23313312,6.605276532,9.208712071,7.901406485,8.077695077,8.455034347,7.961375197,8.257071981,7.654541621,8.40069274,6.313070579,8.91321412,6.411156215,7.871372239,8.562681461,9.128877358,6.794727428
XP_021413804.2,7.579540433,8.019376496,7.751506674,7.373775112,7.756785165,8.037692495,6.601504378,7.449134877,7.631957065,8.050410064,7.536863985,7.731026315,7.953652463,7.812377623,8.190351684,7.104563366,7.677041344,7.815822595,7.891575825,8.47555853,7.734094,7.105243333,7.260473632,8.051970236,7.658565387,7.756611807,7.877132411,7.670310394,7.52393458,8.116658047,8.384967153,7.207953193,7.05135364,7.815709692,8.353996662,6.364498908,7.561790012,8.066423411,7.649204046,7.743231551,7.273025863,8.027932813
XP_021413875.1,6.757726666,5.789002396,6.161679567,6.731086285,4.891994922,6.473850382,6.612731541,6.598804786,6.59325273,6.13592004,6.862682693,6.339389314,6.762465648,6.94434833,6.488417858,6.561529283,6.531354017,6.919534496,7.303374563,6.034362089,7.235150311,4.891994922,6.80757648,6.942933927,6.355561388,6.354075932,6.431271557,6.441199098,5.748947808,6.096475138,5.757378435,6.608215989,7.342883262,5.699726798,5.842014578,7.07271582,6.69915694,6.474638347,5.599617489,6.942435033,7.186452905,5.267205765
XP_021414869.2,9.741497531,8.689427225,9.249904448,9.332085748,9.227742726,10.1247248,8.804033237,9.211782804,9.933266768,8.196581381,9.682273477,8.089694544,9.593273087,9.659623577,9.317090695,9.865160939,7.663222145,9.383213638,10.18867619,9.49576555,9.730194506,6.940075191,9.221443302,9.585891145,8.265137717,9.306956102,7.892484324,10.1773419,8.390325587,9.438752624,9.646179076,8.342112308,9.525523037,8.981759284,9.647762635,8.795913043,10.73435854,8.354410069,9.013441901,9.831026091,10.14945207,8.483229088
XP_021415677.2,5.78962755,5.476379135,5.939320407,5.818384234,5.518154851,6.68825158,4.891994922,5.654082276,5.886622636,5.571394044,5.619421417,5.638085178,5.654527006,6.406657952,5.448251997,6.103598006,5.406667182,5.598231177,5.721919053,5.413484959,5.906610427,4.891994922,5.612599397,6.377612964,5.437307058,6.07542913,5.307122317,5.790419518,5.851563025,5.918029348,5.359479965,5.64041623,6.173582205,5.434344379,5.244318622,4.891994922,6.043433561,4.891994922,4.891994922,5.941314744,6.101495712,5.267205765
XP_021415862.1,11.10739231,10.63913752,10.70622173,10.47200201,10.57604533,11.79838327,10.64992498,10.98033078,10.98371897,10.20305331,11.33271379,10.29369957,11.01612052,11.21715473,11.25853815,11.09876848,10.41586054,11.0366988,11.39509764,11.22966632,11.09219511,9.776764359,10.53065158,10.99270873,10.2550489,10.99197484,10.4681334,11.20014626,10.67658021,10.86917501,11.15789626,10.51148292,10.705704,11.0864194,11.05875396,10.3419896,11.52470815,10.28168649,10.56981305,11.30964615,11.27821769,10.42476747
XP_021416830.1,9.461578766,8.767081034,9.38683074,9.790524097,9.027036791,9.48098057,8.880074092,9.077452195,9.073657199,8.791375008,9.068019655,9.416362375,8.870947267,9.333819744,9.150810744,9.275989183,9.626155868,9.370588234,9.621993913,8.587122677,9.701627896,9.729506376,9.31962193,9.368594478,9.052587476,8.812954237,9.368090497,10.00240758,8.184110793,9.102130604,9.065491115,8.752916923,9.486864018,8.523521461,9.239050702,9.040433462,9.770563475,8.749981952,9.003199637,9.114421751,9.215672563,8.674732605
XP_021416892.1,8.113653068,7.915450686,8.283409034,8.031781048,7.663596628,8.800783278,8.178227715,7.78621157,8.037190437,7.461322969,8.123319505,7.795943704,8.13006678,8.024596439,8.343456813,8.238745563,7.799781121,7.743005787,8.521800454,8.005363114,8.307046263,6.526253255,7.927551568,8.057691723,7.218988856,8.372195107,7.623879282,8.361458663,7.945927295,8.403832471,8.487223755,7.413007918,8.220212431,8.056569007,8.060519236,6.939535907,8.611869685,7.997168355,8.19584995,8.231612969,8.204122717,7.9100145
XP_021417045.2,10.00605357,10.75749653,10.5082478,10.51306379,11.34356853,9.796698179,10.76854921,10.53299632,10.43398931,11.03709723,10.37708907,10.91556269,10.4125319,10.50557044,10.42508009,10.76886188,10.80896047,10.57460439,10.51746966,10.4185653,10.21138643,10.61600545,10.7284234,10.63976307,10.85337776,10.45915509,10.74807914,10.28598178,10.6421282,10.75174524,10.61219975,11.00591722,10.52423871,10.62170475,10.70359101,10.70035978,9.834272512,11.08023047,10.92659492,10.22673432,9.981059286,11.15970118
XP_021417981.1,6.991360974,6.321331493,6.470451876,6.375898377,6.480261569,7.793998746,6.519796462,6.007541793,6.733831418,5.674152372,6.639388588,6.193173,6.599719528,6.905831695,6.566381636,6.976430053,6.64724922,6.182969045,7.124583161,6.539947645,6.433610226,4.891994922,6.292580039,6.862664449,6.055753042,6.748420195,6.383331195,6.957701804,6.426991896,6.149289515,6.301393194,6.398150051,6.825905654,5.497483268,6.516931264,6.449159442,7.2364987,6.022024886,6.418048363,6.52105942,6.886204334,5.761217455
XP_021419099.1,14.03990589,13.62956311,14.19099985,14.5273238,13.18291487,14.49666356,14.51603299,13.99485323,14.553324,13.07796638,14.41905596,13.77986645,14.20998639,14.80305398,13.55791383,14.35703196,13.4037021,13.86034588,14.34694422,14.2596152,14.970324,13.5459871,14.05193762,14.84087824,14.05996132,13.61136244,13.35613337,14.47042706,12.25692266,14.1082001,14.1217125,14.06556802,14.02920951,13.80250785,13.81061385,14.07903799,14.49235193,14.04112291,14.14744391,13.85085875,13.92188027,13.48856848
XP_021419113.1,8.569579818,8.319055754,9.351091686,8.418846406,8.355402101,9.889037521,8.088846794,8.738185686,8.561342728,8.213146769,8.879443292,8.181579708,8.135582961,8.659038345,8.195916376,9.314312322,9.005737452,8.556173221,9.061542472,7.184779504,9.57755879,8.521887724,8.570653217,8.409650837,9.696891655,7.823380877,8.792980603,8.81754278,7.537575231,7.659961817,7.629569231,7.971997282,8.46298273,7.808775498,7.663518609,8.549961509,8.379218784,8.228730316,7.675720662,8.562681461,7.318807121,7.30205818
XP_021421807.1,10.05198192,9.449498831,9.562700492,9.625884806,9.299036467,10.43347834,9.378941204,9.837398991,9.784022882,9.004967272,10.12138161,9.193882384,9.743903298,9.855468922,9.648137784,9.538529236,9.063697915,9.471574158,9.898113288,9.655361425,9.974177797,9.070775148,9.447545176,9.854784437,9.929254173,9.664892926,9.204817323,9.606735839,9.229167309,9.639365525,9.678419098,9.531485489,9.950580083,9.423056009,9.343747887,9.084367974,10.06221185,9.212991416,9.74203934,9.850412717,10.09717035,9.202286654
XP_021421954.1,9.07593981,8.484560314,8.663212149,8.938323141,8.622973554,9.5258283,8.938125537,8.926703413,8.992551238,8.873093793,9.065418827,8.682307632,8.80028216,9.068018325,8.946399401,9.052287123,8.516947871,8.90466422,9.116879757,8.831395433,8.868193315,7.986146759,8.691388847,8.88266338,8.396062507,8.910055137,8.652886987,9.190837571,8.911947425,8.939275687,9.044095622,8.712696797,8.779766892,8.666856216,8.907519961,8.310891974,9.092836223,8.541925872,8.793232667,9.068163657,8.90324607,8.921037929
XP_021423445.1,8.049677424,7.90341289,8.005755032,8.006585144,7.518511201,7.72299443,7.899478408,7.441907023,8.476408351,7.516697425,7.881814404,6.915614492,8.414491634,7.936250023,8.486168761,8.271815582,7.02535349,7.634180949,8.481327233,8.491476287,7.609087287,6.248350499,7.639125086,8.224436808,7.535771722,8.419952292,7.029108515,8.280292007,8.102084041,8.568694298,8.237315472,6.954208891,7.968121132,8.441626208,8.377536657,7.350796584,8.159065893,7.931100852,7.649204046,8.554783487,8.318223722,7.8599196
XP_021423746.2,8.881964864,8.657853203,8.82348853,9.002839144,9.329148064,8.824118203,9.297473938,9.280437229,8.930236652,8.80954138,9.098867118,9.399083142,8.793366437,9.100549446,8.636376074,9.249860226,9.395687939,8.797672987,9.405040483,8.434966995,9.092938819,10.1259523,8.840140849,9.038457289,9.41055217,8.526837692,9.704534746,9.229553469,8.615173004,8.748474433,8.638084967,9.704964989,9.199702153,8.722574742,8.500465672,9.285873547,8.752602634,9.071606802,9.213183039,8.722696607,9.088549538,8.977241862
XP_021423816.1,8.138451717,7.547109254,8.236818353,7.761813372,8.338478468,8.94489036,8.284957119,8.043249655,8.098652274,7.595774761,8.050881948,7.657541113,8.008939067,8.608904877,7.92755072,8.291293146,7.695254783,7.907347388,8.506757525,7.913123034,8.378585016,7.812978644,7.881302772,8.474912268,8.039809269,8.073452233,7.414123326,8.52936541,7.551081486,8.014201989,7.9753125,7.785501364,8.092383108,8.26215028,7.804879815,7.571527679,8.193383877,7.638637122,7.70173845,8.045907586,8.232357406,8.126211592
XP_021423922.2,6.824367074,7.150515151,5.988160384,6.74201615,7.663596628,6.397895226,6.667348556,6.626342914,6.297693959,6.774255884,6.972795394,6.644215066,6.411187484,5.975277937,6.75778514,7.05797624,5.925879025,6.35798222,6.333504123,6.825008401,5.906610427,4.891994922,6.277704643,6.70073948,5.658726465,6.374323204,6.10557937,6.656083801,7.171036793,6.733886127,7.133163864,6.139178588,6.89959553,6.946650369,6.757323919,6.923853125,6.749576862,6.749020249,7.095325545,6.002074103,6.26208334,6.336032093
XP_021424058.2,7.759877148,7.828924123,8.042470808,8.01923956,8.768618071,7.307415205,7.856587559,7.951045346,7.705575774,8.116598938,7.839244122,8.388142971,8.085142808,7.320891766,7.837335565,7.69889409,8.263486958,7.857752636,7.626292909,7.61528577,7.293509025,8.464991149,8.159567891,7.926100545,8.16516665,7.76343479,8.283180382,7.208430295,8.304100621,7.682611773,7.698155022,8.32573585,7.70043876,8.200403097,7.980377498,8.515697158,7.479407742,7.38239348,8.283636726,7.831890102,7.549983579,7.847110094
XP_021424302.1,7.822845192,7.84792215,7.869109584,8.084871381,7.782300098,8.537440487,7.39575381,7.905159579,7.966327077,7.561190369,8.316299588,7.810503942,8.044623621,8.037381797,7.865719492,8.170191809,7.567378191,7.857752636,8.241511303,7.895130931,7.88222714,7.105243333,7.89829795,7.691018217,7.569603252,7.977538837,7.586322033,8.2647374,8.195449369,7.831579217,7.942944595,7.809479333,8.069904835,7.599058797,7.895380006,7.037070561,8.364272063,8.120656738,7.649204046,7.883772252,8.100605494,7.481075364
XP_021424404.1,9.739493208,9.757145138,8.807717352,9.265363665,8.968041124,10.17582111,8.995868135,9.373941763,9.487141514,8.570364344,9.692404813,8.967235767,9.563185965,10.1827087,9.086849993,9.703900374,8.956507283,9.133270225,9.340350926,9.190809892,9.338604454,8.065318483,8.980794181,8.896972736,8.598636363,9.320668331,9.130098093,9.404650102,9.211269045,8.898667615,9.111466805,8.447971638,9.783029352,8.523521461,9.112223259,8.094936732,9.984633427,9.034748471,8.300559329,9.523980761,9.377041721,8.808087431
XP_021424890.1,7.454771509,6.883835723,6.376849761,6.933377383,6.409292342,7.717379149,6.769754392,6.679601934,6.946997422,6.924013044,7.399571861,6.644215066,7.261060325,7.240102621,7.363146926,7.564720064,6.850422833,7.075396597,6.773446574,6.988195047,6.930857111,6.940075191,6.634057424,7.08986688,6.72496527,6.833146869,7.126317818,7.181294582,6.811017222,6.808338946,6.752437632,6.622922442,6.994435758,6.850907498,7.215907439,6.460754217,7.495486762,7.244715239,6.610759898,7.052589667,7.225625042,6.850023723
XP_021425064.1,5.910743713,5.891031074,6.078778074,5.844318822,6.808950367,4.891994922,5.808412035,5.654082276,6.222677706,6.216387527,5.523603051,6.384058059,6.390516591,5.454800368,6.5084014,5.203271817,5.86424851,5.484616774,5.7467491,7.034504416,5.817350434,4.891994922,5.271150407,5.933008391,5.704077465,6.224005362,6.54301417,5.687095395,7.343418357,6.638165578,6.620352455,5.787175745,5.647816405,6.65103822,6.348515065,4.891994922,5.576401572,6.022024886,6.185393604,6.002074103,5.661778553,5.267205765
XP_021425467.1,7.033375519,4.891994922,5.77382678,6.36095529,5.518154851,6.891528749,6.099018125,6.334114378,6.475782172,5.571394044,6.077479237,5.86496868,6.347992297,6.571587528,5.512964133,5.510997962,6.585434501,6.034028963,6.457034465,5.261742108,6.341850709,4.891994922,5.643949498,6.739436379,5.825752054,5.420136975,6.2255825,5.496243567,5.548000399,5.918029348,5.359479965,6.019199034,6.357197827,4.891994922,5.956328849,6.02722361,5.930103378,5.450761301,5.599617489,6.188661348,6.491521758,4.891994922
XP_021425561.2,7.853293158,7.345309975,7.784577701,8.170396262,8.014668187,7.28443813,7.865271709,7.830647644,7.986010801,6.29109806,8.30303748,7.715604366,8.311367482,8.037381797,7.50703659,7.830184579,7.431849948,7.722925819,8.52429223,7.273092114,8.238138198,8.992704313,7.935798687,8.359812621,7.251067545,8.183569104,7.966815057,8.177653945,7.128818016,7.325413192,7.669989994,7.809479333,7.790892767,6.906494729,7.643969323,6.700009343,8.309567775,7.053071801,7.416361732,8.160235569,8.399185569,7.385553719
XP_021425605.2,7.659724392,6.141652268,7.671130843,7.78186102,5.96048031,7.245245827,8.222562028,7.985723786,7.775478944,5.674152372,7.820594525,6.988607275,7.435858479,8.003025612,6.850870827,9.107932428,7.869340257,7.898460037,7.926206551,6.556752431,8.563666941,4.891994922,8.481287051,7.425746996,6.517525543,6.269131945,7.347745189,7.762765656,5.630375714,6.996094556,4.891994922,7.604942334,8.118162406,6.56452666,5.982746072,6.947305971,8.631573926,7.8899113,6.094814989,7.258566089,7.830766115,6.978559942
XP_021429315.1,7.853293158,7.308551743,7.397324519,7.607090164,7.025288378,7.146198817,7.704882331,7.819670789,7.64865903,7.144299702,7.91729875,7.503708074,7.662056907,7.746054643,7.342754767,7.974593145,7.770098125,7.671415042,7.204165212,7.214871727,7.598985793,7.251938658,7.864098389,7.491677453,7.419656587,7.707888275,8.111166492,7.360604225,7.482177401,7.126564234,7.223088029,7.717346516,7.405301871,6.822170743,7.233774951,7.481265477,7.709664553,7.164265153,7.351363477,7.364719394,7.388967558,7.106575929
XP_021431204.1,10.12899292,10.35337627,10.14335191,10.21393573,9.162317427,9.535259214,9.588537379,9.546107373,10.68627294,9.840714916,9.646241255,8.26436023,10.65123321,10.0246669,11.5119382,9.934376745,8.024108969,9.542211581,11.12269416,11.13092114,9.963633971,5.86807429,8.72004177,10.06522142,10.9276099,11.36153311,7.099271404,9.910240284,10.69399704,12.26829265,11.12118619,8.595015143,9.90212008,10.59521242,10.95002125,9.748107373,10.27264562,9.686283495,10.82300896,10.40548223,10.6321312,10.28338485
XP_021432196.2,7.494387864,8.480548699,7.49480555,7.863983326,9.147901078,7.992227061,7.119750223,7.405180006,7.527252923,7.845114257,7.338744383,7.76635812,7.462917973,7.027014678,7.92755072,7.958356958,7.816462919,7.733002126,7.260872778,8.269184554,7.536766924,8.279207937,7.618618379,7.55866408,7.634866758,8.045915166,8.037403923,7.806782781,8.231684006,7.960030838,7.885655032,7.748741179,7.758249014,8.003149393,8.532226872,6.52797982,7.699365122,8.384163577,7.478390415,7.798455667,7.714437255,8.126211592
XP_021434772.1,9.871632668,9.214916506,8.645557065,9.566061035,9.088741821,9.863075394,9.890371698,9.454762703,9.579614458,8.869636192,9.926389058,8.690103869,9.810280797,9.609724789,9.928709971,9.575789004,9.386094338,9.155536755,10.23704636,10.07188418,9.783502104,8.822507515,8.818239348,9.657503961,9.236278345,9.827242739,9.054644723,9.841191136,9.654737651,8.786670817,10.52401404,8.622018189,9.564496388,9.405064575,9.702785212,9.269876915,9.798438689,9.015957728,9.579547308,9.673027256,10.00693309,9.546760045
XP_021435170.1,7.642304305,9.31473788,7.623014466,7.561168428,9.535028593,7.344859239,8.114449634,7.710830338,7.946363176,9.39906827,7.604330003,8.04140346,7.606893823,7.761643122,8.790662571,7.607412154,8.069820957,8.902469141,8.195187519,8.64867938,7.701533853,8.065318483,7.910910163,7.832080884,7.785695012,8.829068247,8.426126483,7.571225881,8.774071383,9.387846721,9.015795375,7.950672039,7.836237527,8.009186157,8.936738639,7.90231742,7.595636239,8.651777191,8.366299551,8.186143283,7.830766115,8.327413353
XP_021436126.1,8.75634667,8.177149547,8.005755032,8.52846549,8.268688814,9.19973999,7.79423593,8.147338553,8.356319133,8.277534181,8.623721169,7.9483164,8.414491634,8.733683822,8.851505348,8.966556259,8.198680948,8.436507393,8.383071733,8.627255526,8.358089497,7.251938658,7.829040265,8.040456983,7.978915555,8.577414289,7.660440524,8.670167666,8.69484572,8.588514174,8.726882796,8.271166964,8.499696803,8.765635766,8.687484511,6.96270659,9.099265447,8.344351997,7.848367479,8.694253001,8.993438175,8.642106078
XP_021437118.1,9.337115301,9.465741417,8.585077044,9.392644125,8.854124242,10.03789859,9.392327818,9.480723767,9.064529629,8.989131919,9.406695069,9.588341106,8.761824904,9.118529065,8.397463196,9.372974121,9.574021452,9.560383976,9.655172052,8.107569792,9.698161481,9.249167148,9.357997412,9.854784437,8.699446445,8.942985912,9.595508711,9.361747468,8.248099689,8.39032252,8.657986976,9.117242741,9.93529058,8.091087534,8.636505588,9.21624227,9.754389005,8.695821439,8.681880123,9.135684604,9.466216542,9.094173917
XP_021437590.2,11.19620736,9.920614183,11.37980303,11.37151265,10.63910415,11.17762812,11.05381122,10.99838721,10.03001562,10.61571058,10.90536445,10.77613615,11.0249662,10.97128855,9.621746273,11.82443161,10.64597329,10.72328605,11.37911488,10.2579393,11.85904562,10.24828914,10.62603604,11.64247985,11.30160359,10.13558367,10.38507344,11.57420535,8.668779221,10.96198232,10.48416417,11.00464245,10.4883888,10.43955281,9.850699489,11.49416671,11.21332341,10.96775072,9.053694388,10.84197314,11.40899867,9.826061529
XP_021438473.1,7.926630042,8.834476472,8.291027285,8.289696048,9.204717384,7.478387236,8.882188406,8.043249655,8.140133954,8.780363354,8.050881948,8.853978679,8.050483987,8.385302325,8.184764994,8.141811034,8.376499182,8.463651071,8.309721166,8.148480249,8.34028322,8.065318483,8.331085712,7.6107815,9.090116271,8.626257573,8.73942025,8.133730555,8.576844413,8.325518413,7.709262532,8.881216346,8.442814,8.32613771,8.699949781,8.767128221,7.639507679,9.419914664,9.003199637,8.175837149,8.005391903,9.056246524
XP_021440308.1,13.50867571,12.7217787,13.20820241,13.57733034,12.9291496,13.64770981,13.47350221,13.59148022,13.18058438,13.26505306,13.74958426,13.27312148,13.25310868,13.6051123,13.03533679,13.26085324,13.02133845,12.91014254,13.61221728,13.40222308,13.66325879,12.9873429,13.2035393,13.32512941,13.22786426,12.95215137,13.2501589,13.93380658,12.80767186,12.8752164,13.34648268,13.00058151,13.46479266,13.12217026,13.0426456,12.93912982,13.88922257,12.91237596,13.10220512,13.40435572,13.01345821,13.20530549
XP_021440605.1,9.427103892,8.886800631,9.521512211,8.344110078,7.971177825,9.958402007,7.747925055,8.939264455,8.356319133,7.779393767,9.390181164,9.029900685,8.113387604,8.493827656,6.266410907,9.021702318,8.803970047,8.09372944,7.794796881,6.940165165,8.004835193,9.776764359,8.061557262,6.4182881,8.324823191,7.046401929,9.560411456,8.270979757,8.223404188,7.373183536,6.980842412,9.72214772,9.046542194,8.062381187,6.990921301,8.822132688,8.198219104,7.766143045,7.508377854,7.958155302,8.525908285,7.821132779
XP_021440722.1,9.02078448,8.008202014,8.236818353,8.225873427,6.834886398,8.852131186,7.886748791,8.661307163,8.521741415,7.948208539,8.70970026,8.155392254,8.655177992,8.841224992,8.711742942,8.782542358,8.130760283,8.522178078,8.391296412,8.451342898,8.487658728,8.211446329,8.065311504,8.579418288,8.063446909,8.486672484,8.030502506,8.5977967,8.476253866,8.33024672,8.438662271,8.069091475,9.040825983,8.715270016,8.49689251,8.234476676,8.76399792,7.66345637,8.177619257,8.435048521,8.876821321,8.208167651
XP_021441730.2,10.54255038,7.991271829,10.68057758,9.983597565,9.047901605,9.293565471,10.02618903,9.936949431,9.75222336,9.555394811,10.102522,9.381593622,10.35872008,10.21456393,9.026119839,10.17865774,8.685709077,9.640090083,9.665315063,9.601676415,10.27089321,9.377463156,10.14096683,10.27693946,10.52375477,9.194758228,9.613882872,10.27985809,8.852698499,9.581473501,8.285817835,10.57299184,9.467137598,8.015197092,9.743838739,9.95482989,8.932080018,9.287939465,9.920972974,9.608049929,10.42359322,8.724047811
XP_021442102.1,6.687301276,8.068590927,6.637654052,7.393719018,7.730792863,6.132265252,6.84600079,6.838295243,7.580601511,7.779393767,6.937133458,7.281510476,7.250650272,6.681726075,8.276861716,7.073690103,7.275154493,8.026191576,6.525197975,7.714968837,7.397276393,4.891994922,6.86346148,6.827660945,6.888518954,8.056994733,7.764662239,7.125297177,8.469288215,8.372106987,8.029120572,7.526998344,6.608757662,7.532783857,7.906291134,6.850792334,7.18719607,7.176060536,7.871372239,8.096045051,6.848082476,7.385553719
XP_021443241.1,8.094763596,9.513396347,8.4353832,7.439145157,9.447580046,8.887008793,7.839055484,7.836103835,7.820201473,9.255727035,8.616613733,8.069774185,8.8807633,8.375316436,8.892946771,8.866780948,7.730978548,8.558969869,8.695346393,9.33389754,7.547334501,9.822519966,7.984287629,8.527099204,8.943220997,9.960059364,8.078116229,7.273946592,10.42566229,10.29734569,8.360821806,7.873368057,8.632692748,10.26377875,9.578831482,8.793876094,8.340461652,8.931557444,9.230832308,9.179848276,8.204122717,8.856238098
XP_021443335.2,10.65412869,7.885159706,9.459108809,9.389435139,10.54345046,9.943142738,9.740395958,9.146189007,9.759769052,7.974464844,10.28977003,8.883709932,9.046835123,10.18743769,8.919922496,9.147409268,8.107373725,9.213278446,9.792082435,8.638007665,9.904722421,7.717603098,9.214764647,9.410122068,8.305205998,8.336425057,9.413398585,9.410274886,8.730169862,7.864815528,7.924107393,8.875627516,9.68280071,10.22205297,9.098196862,8.661553753,10.26067849,9.00329229,8.177619257,9.33489693,9.970024439,8.167784055
XP_021444684.1,7.83815225,8.146975801,8.350542824,8.088873514,8.437120583,7.245245827,8.597963154,8.10302398,7.067361435,8.509313217,8.071961318,8.758418716,7.737228638,8.111746671,7.793646144,7.982641312,8.585905667,8.150746347,7.811400336,8.060080015,8.334297785,8.952013805,8.39783463,7.574911629,8.391422838,7.664716852,8.294702452,8.204020131,8.638098811,8.143843896,8.006950502,8.47788079,7.734453449,8.146803438,7.63078097,9.123761913,7.166951299,8.856038833,7.959783745,7.952105387,7.920800164,8.479123738
XP_021445882.2,10.71959291,10.48055785,10.14543711,10.3212544,9.501440135,11.17411592,10.48228466,9.998092094,10.71661263,10.41053091,10.67892782,10.18439716,10.71640044,10.6726864,10.69102405,10.46319192,9.822720105,10.6599538,11.48934643,10.64665562,10.76320254,9.972100126,10.33556171,10.4620319,10.23462064,10.43523576,10.35264898,10.69546896,9.699816279,10.45811249,10.22062341,9.815336919,10.66305234,10.37294925,10.7370805,10.74356467,11.02949566,9.742501474,10.62079884,10.54678293,11.01405784,9.876581545
XP_021446420.1,6.687301276,6.776343174,6.078778074,7.032312428,7.592965415,6.95260872,6.578728509,6.730631265,6.717119938,6.528466171,6.669617075,6.139525718,6.933214823,7.096326044,7.235883492,7.289380342,6.626995579,6.720587879,7.285324139,6.915459752,6.835393437,4.891994922,6.644974716,6.916734367,6.055753042,6.962831996,6.10557937,7.330291253,6.79523094,7.295916598,7.254336924,6.362120516,6.89959553,7.119134515,6.969394808,6.460754217,7.241330124,6.843562804,7.2475863,6.80779909,6.822013738,7.192411366
XP_021446969.1,9.389225224,8.607305944,8.508941755,8.714997579,8.60896555,9.861827347,8.454339407,8.83285602,8.74054001,8.913946356,9.017778614,8.288622511,9.153142892,9.134323929,8.472525266,9.684543556,9.16182278,9.048535088,8.809873353,8.53818864,9.091174934,9.729506376,8.952943808,9.288995045,9.249088245,8.596398681,9.091226709,9.274983597,8.223404188,8.588514174,8.677615265,9.303334891,9.292353542,7.780688173,8.535712559,8.867375637,9.55960515,9.344200465,8.159150214,8.715638633,8.926332143,8.754874391
XP_021447395.1,7.434523003,10.18843899,7.848452083,7.640553523,8.396848914,7.654059946,7.119750223,8.043249655,7.300912618,8.9206432,8.679340953,8.773166229,7.52404487,8.14750749,9.548187324,7.341460951,8.223720251,9.079930184,7.338764528,9.833562901,8.716024441,7.61517717,7.842290497,8.35519391,7.674141589,9.608297242,8.905691382,8.931682043,9.174788748,9.71848112,9.81454679,8.232118035,7.059285388,8.015197092,9.728769937,7.439152493,8.079968833,8.239640219,8.249172669,8.950045442,8.344293074,7.999369111
XP_021448985.1,9.439511478,9.528936689,8.929272098,9.817017601,9.99519153,10.11951407,9.596266385,9.453015181,9.81875149,9.535942764,9.746886999,9.327810324,9.388850115,9.693284664,9.488754326,9.288877516,9.664053083,9.392610425,9.559307145,9.951226364,9.572517874,8.729160845,9.114260103,9.058383414,8.714342711,9.71762167,9.457321898,9.684187156,9.763477655,9.793473016,9.909694617,9.006640803,9.166857368,9.655719274,9.666865486,8.955606501,9.982552644,9.232098383,9.666328695,9.125092571,9.687952596,9.435241059
XP_021451897.1,7.32848358,9.389031321,6.713243839,6.885759761,8.61598675,6.638147917,7.254757651,7.427335102,7.290157975,8.293183723,6.669617075,7.736129097,6.9198316,6.760988462,7.678009603,7.415998136,7.205681112,8.026191576,7.327070898,7.562605775,7.26140206,8.629285643,7.465805508,7.720400435,7.323057764,7.770224441,7.633110798,6.390404838,8.077743992,8.54454076,8.175243346,7.584119564,7.527732284,8.292042353,8.084655117,7.778451891,6.889642016,8.707601389,7.801187636,8.073981846,6.873623979,8.884369406
XP_021452013.2,8.928573404,7.756960467,8.919527634,9.117952683,6.909645742,8.75023332,9.430314221,8.288387874,8.789450111,7.987410976,8.167995153,8.519629243,8.740403766,9.188275602,7.717635786,9.010062647,8.305099426,7.942343032,9.083597587,7.63726027,8.65510516,9.377463156,8.382937644,9.195761122,9.225947493,7.434535925,7.623879282,9.284206125,6.479787297,7.783675669,7.358306329,7.934462475,9.046542194,9.26492646,8.136342134,9.089351796,8.198219104,8.384163577,8.231620819,8.757472749,9.004323166,8.466736133
XP_021453252.1,10.22088303,10.72249163,10.37955468,10.12424206,10.57245986,11.49242638,10.36364488,10.08181372,10.35902266,10.02087242,10.50703223,9.389569801,10.29186491,10.16363597,10.59108164,10.70671522,9.886263183,10.1364681,10.9675901,11.02151571,10.13998303,9.523232625,10.21799006,9.862075314,9.679981395,10.90683304,9.389589997,10.57375948,10.58672574,10.50656872,10.87399962,9.531485489,9.785305631,10.4417575,10.38039165,9.475284554,10.84265437,10.56021169,10.04069482,10.76325044,10.55026346,10.38062235
XP_021454592.1,6.049996909,5.858386513,5.562959518,5.893901842,6.372068138,6.299387609,5.808412035,5.377313108,6.43383065,6.017435841,6.12724478,5.568197758,6.303764192,5.80174297,6.216037796,6.205603084,5.362235245,5.562644498,6.468677708,6.112573067,5.743382355,4.891994922,5.508241028,5.49183177,5.364944754,6.200695394,5.399554252,5.83738825,6.606797819,6.068972244,6.568505842,5.851302467,5.81260678,6.303905494,6.192461733,5.187324321,6.550717674,4.891994922,6.610759898,6.303715508,5.408530082,5.901715655
XP_021454884.2,5.744891919,6.321331493,4.891994922,5.940799412,6.670481157,5.93137129,5.783393771,5.654082276,5.628372936,6.29109806,6.151226115,5.958454301,6.020186274,5.997509763,6.382922573,5.948608631,5.699502978,6.07342706,5.979174745,6.727538987,5.743382355,4.891994922,5.612599397,5.670260817,5.931642688,6.55912373,6.039702567,5.658846683,7.409609601,6.459391068,5.297288331,6.266528187,6.190162589,6.716049016,6.330198313,4.891994922,6.002541376,6.296659386,6.968304404,6.212698382,6.050480297,5.933481918
XP_021455147.2,8.537475247,7.063819248,8.621671915,8.330701066,7.879927704,8.771735783,9.333396404,8.931741059,8.673945098,7.543566066,9.041796609,8.345871749,8.409963131,9.017794431,8.40706562,8.796177496,8.313859603,9.04654988,8.412998875,7.919069358,9.359252671,5.86807429,8.39783463,8.788554833,8.00969231,7.679257495,8.394393371,8.78535783,7.078851569,7.776695738,5.126503143,8.615315209,8.687498309,7.876613143,8.507585199,9.126996422,9.930251276,7.587617235,7.054345999,9.21771865,9.245768686,7.403428205
XP_021455266.2,5.531750117,6.420135537,4.891994922,5.492372636,6.727745262,6.048159965,5.508560031,5.932047087,5.990675909,6.547792853,5.258586193,5.980371492,5.554250849,5.714500543,6.60351361,5.203271817,5.86424851,6.182969045,5.816809434,5.579110594,5.717071432,6.750417314,5.329389921,6.302640941,6.439418774,6.488716977,6.358570101,4.891994922,6.549873978,6.096475138,6.752437632,6.068977612,6.030042962,7.023388142,6.636037167,7.35649099,5.076504566,7.053071801,7.384252506,5.805555894,5.339919356,6.822679643
XP_021456493.1,10.90252954,10.39420669,10.84735205,10.6451954,10.32004424,11.59429457,10.76741,10.70853523,10.70201184,10.62391286,11.33594502,10.66767982,10.67671928,11.15142374,10.74557246,11.80609868,10.73057987,10.95990415,11.49345883,10.29220612,11.47834453,10.36104759,10.82566052,11.28026774,10.53423784,10.68318534,10.7666528,11.64556145,10.38946184,10.37543848,10.53476322,10.78314054,11.19401499,8.790168301,10.68030294,10.80528246,11.26270965,10.71052346,10.14659143,10.53884369,11.55403952,10.61799375
XP_021458917.2,6.081808214,6.747963445,6.829755139,5.844318822,7.690867674,6.048159965,6.167912758,6.512142776,5.848997474,6.725601763,6.025035324,6.712322114,6.020186274,6.45015296,6.789589403,5.811971329,6.509006128,6.343192085,5.482827589,6.838332581,6.300074238,4.891994922,6.506876889,5.933008391,7.117827631,6.999309512,6.47727205,5.964435925,6.879702625,6.983558893,6.670054144,6.942953834,5.734694891,7.060119291,7.093506385,6.773244943,5.471950456,6.474638347,7.447729277,6.556506936,6.682812255,6.579021898
XP_021459167.2,11.65394959,12.80478147,11.78530049,10.55012163,11.92500169,12.49820617,11.34589043,12.11983136,11.26701132,12.84091794,12.29942501,11.46509616,12.18004526,12.15285075,12.29855048,12.39914495,11.68554457,11.74793499,12.04030542,12.0739977,11.32253412,10.16197834,11.91793848,11.70907046,12.51454742,12.8207115,11.19311004,12.29612758,13.22885987,13.00750383,12.27059541,11.36798243,12.18356775,11.91127116,12.56619503,11.76626824,11.92134956,12.19287365,12.24399466,11.68713123,11.64956525,12.42343339
XP_021459445.2,8.907250151,8.254598566,8.914630421,8.495857678,8.157096094,8.508862507,8.288166134,8.038544742,8.578596077,7.934893635,8.355357631,8.207290582,8.620392722,9.024169494,8.043585684,8.565985326,7.787137297,8.415031428,8.43702439,8.153511648,8.892728141,7.504520319,8.176993808,8.643172288,8.310135802,8.554294124,8.452040043,8.500515318,7.429342533,7.524068845,8.183153073,7.591095557,8.04321836,7.997086571,7.856506105,8.310891974,8.755867712,7.266836751,8.022615068,8.16545527,9.080860189,7.403428205
XP_021459997.1,10.07281799,9.659961323,10.49849525,9.899338333,9.734488614,10.61692927,10.00119506,9.96171886,10.12943257,9.489504477,10.18371811,9.782449678,10.11390486,10.55543137,10.2186139,10.17519678,9.886263183,10.13367245,10.34956743,10.25098706,10.47897395,9.466685944,9.655239242,10.24941546,9.932429644,9.868234273,9.889291545,10.44356044,9.471581402,10.0999759,9.806960501,9.819696603,9.80226394,10.21562414,10.02607023,9.489160699,10.37715591,9.323995953,9.704681869,10.19044416,10.54841091,9.633816771
XP_021460638.1,6.46931377,8.573838962,6.470451876,6.603931235,7.677299358,6.413497917,6.405550534,6.705381959,6.535985717,7.587209873,6.56031609,6.857999563,6.699944582,6.464290391,7.497902573,7.009665707,6.892331809,7.412301817,7.191228927,7.14356447,7.235150311,7.251938658,6.890504126,6.862664449,6.608351391,8.051465856,7.229288274,6.736177403,8.277709443,7.903682491,7.720281717,7.151372295,6.477214744,6.390665229,7.822301846,4.891994922,6.770571241,6.320530227,7.283077237,7.298143637,6.382686174,7.472663283
XP_021462509.2,8.485515903,8.187065892,8.372232796,8.279256709,7.914847124,8.725649892,8.454339407,8.618129579,8.230607845,8.454815622,8.405817266,8.419824084,8.321058308,8.395218486,8.378061376,8.592315182,8.457694067,8.53360018,8.701955652,8.245853721,8.669395943,8.405723581,8.530725988,8.451329423,8.437151521,7.776981094,8.472436177,8.473770692,8.629804721,8.127595339,8.002474199,8.560525843,8.220212431,8.021182423,8.045836525,8.525571378,8.203037846,8.413306461,8.231620819,8.211584515,8.87978161,8.247429761
XP_021464508.2,11.24923761,10.8661089,11.17265622,11.08562649,10.93550339,11.46722973,11.09933613,11.28837139,11.45344524,10.71598979,11.05927232,11.21880607,11.19004895,11.65170367,11.21308458,11.34030163,11.23535078,11.39896027,11.49629903,10.95036655,11.86343146,11.21328915,11.40785208,11.44239284,11.42048823,11.43046695,10.99995565,11.61001969,10.39555874,11.04347688,10.98115768,10.88780527,11.38791896,11.19166281,11.25171001,11.09979744,11.70260364,10.95058904,10.95600861,11.28019286,11.77285568,11.12488965
XP_021465179.2,6.66904436,6.116827889,6.851809536,6.933377383,4.891994922,6.794020867,7.728959651,6.351514769,6.988373835,6.13592004,6.654597064,6.339389314,6.61701217,7.000042017,6.528047998,6.673690448,6.41503036,6.99113255,7.384551867,6.539947645,6.761127168,7.504520319,6.531042043,6.876399018,6.479132426,6.55912373,6.196871542,7.793723222,6.382915756,6.399914799,6.829682091,6.885145181,7.05135364,6.390665229,6.033422181,7.486439331,7.18719607,5.376648862,6.185393604,6.465784323,6.886204334,6.050485232
XP_021465185.2,6.199744301,6.994805696,6.528863369,6.314874295,7.356196256,6.282072472,5.923306587,5.932047087,6.70017824,7.461322969,6.402994863,6.227447936,6.731601134,6.478256065,7.441776715,6.630073494,6.41503036,6.595786981,5.921763546,6.976354303,6.42095123,4.891994922,6.364053164,6.335399232,5.964271368,6.55912373,6.892372471,5.964435925,7.29561537,8.159907501,7.441464403,6.908583506,6.253962662,5.742225496,6.879489407,5.665432517,5.686715774,7.053071801,7.012038248,6.212698382,6.652976956,6.794727428
XP_021465239.1,11.2901644,10.80527746,11.2039904,11.03885801,10.49502844,11.10254167,11.31737688,11.33505819,11.41159124,10.82849673,11.15568571,11.04621886,11.05406597,11.44974932,11.14850572,11.13394199,10.93347484,11.06288392,11.71498565,11.02491476,11.54603425,10.62892977,10.8152358,11.51607136,10.76447105,10.59864072,10.64253095,11.49616789,10.56741482,10.7019578,10.82605519,11.07617053,11.08701237,10.75531963,10.72953727,10.9968799,11.93628651,10.50864669,10.83744956,11.01073216,11.54338589,10.65732889
XP_021465264.1,9.675932736,9.880319176,9.730549469,9.598368961,9.516465281,10.38827602,9.83376835,9.355347136,9.717769454,9.408610051,9.567685609,9.354138586,9.464617859,9.861401701,9.539535934,9.81041618,9.349889451,9.579700826,10.37449041,9.479977975,9.781319929,9.180448015,9.674814584,9.974719288,9.598327524,9.541602768,9.357218901,10.13979245,9.316745457,9.723841822,9.630500766,9.261165439,9.643182067,9.232120188,9.543086248,9.253700079,9.872236579,9.881917202,9.112030443,9.671210913,10.37215063,9.37276081
XP_021465313.2,5.389153846,4.891994922,6.663375868,6.027872769,4.891994922,4.891994922,5.674338205,5.235971754,6.750319662,5.171491217,6.54385068,5.670493924,6.105754724,5.828810268,5.286538381,6.23747547,5.520698361,5.927623776,6.925609528,5.669067983,6.079756225,4.891994922,6.183791895,6.593970313,5.50078137,6.02050049,5.892204677,5.92410002,4.891994922,5.162139596,5.550289088,5.64041623,6.872461549,5.926161063,5.244318622,6.875615493,5.834536438,4.891994922,4.891994922,5.594493975,6.150004827,5.267205765
XP_021467326.1,6.962574071,6.718917872,7.659257993,7.032312428,7.06880197,6.972339188,8.047649226,7.239001863,7.300912618,7.403603103,6.912796165,7.390621864,7.218924396,6.94434833,6.894955166,7.073690103,7.415308967,7.437428215,6.82623353,6.902925747,7.293509025,6.940075191,7.527886014,6.813382602,7.197165986,6.819418137,7.424877109,7.17442311,7.29561537,6.983558893,6.818934807,7.497519544,6.977703885,7.035747276,6.969394808,7.595581433,6.591595701,7.525598407,7.211127153,6.929594337,7.225625042,7.253330531
XP_021467338.2,8.023250125,7.398636571,8.449043528,8.112650505,8.736796972,8.391926123,8.440010921,8.24427483,8.140133954,7.569918393,8.066720996,8.196328856,8.215839495,8.792210041,7.569323861,8.831914766,8.465564203,8.233931185,7.71752586,7.459056118,9.117408118,7.61517717,8.023453351,8.54542789,8.290312864,7.526451468,8.187463642,8.59035347,7.833676677,7.181839603,7.575795388,8.018826269,7.947672265,6.985588698,7.637390902,7.605086407,7.695914889,7.630263881,7.317653342,7.618025221,7.897352426,8.055927691
XP_021468620.2,6.687301276,5.952864423,7.260705531,6.330450294,6.293645639,7.471676957,6.247983821,6.556268337,6.344954894,4.891994922,6.937133458,6.063222712,6.959569532,6.45015296,6.31451597,6.69492569,6.427208109,6.928705545,7.807267993,6.252797025,6.826347287,4.891994922,7.148346538,7.066501253,6.498487575,6.246808778,6.625328744,6.592343409,5.48628859,6.379372905,4.891994922,5.993293089,6.314148364,5.742225496,5.499262,6.245162715,6.3008422,5.989844154,5.754464952,7.364719394,7.050482717,5.680337662
XP_021468873.1,9.551188871,9.416452469,9.459108809,9.186166833,9.195402827,9.598099855,9.260629926,8.761031669,8.875572637,9.151544674,9.51536518,9.249312214,8.729571558,9.225607386,8.749867685,9.438035123,9.629642617,9.367414473,8.930965647,8.553425034,9.405363263,9.844863711,9.558435883,9.315233571,9.815177596,8.285720206,9.459864297,8.941444001,8.424362056,8.863383705,8.629469815,9.126673393,9.395882017,8.659260036,8.739726558,9.528782534,8.90295165,9.339175914,9.053694388,9.534012535,8.44001265,9.069907468
XP_021469103.1,9.723357337,9.77679463,10.4162786,9.870885962,10.21355669,9.856824316,9.771439741,9.866551187,10.30592875,10.19343786,9.913459403,10.24360438,10.02258353,9.35586406,10.35416134,9.36691078,10.52899016,10.20642708,9.792082435,10.47334715,9.591330901,10.08900221,10.28554862,10.05111779,10.350689,10.55395061,10.55737525,9.795754192,10.15583064,10.28652568,10.139425,11.08765409,9.844351638,10.18304255,10.01617881,10.0556746,10.09660573,9.88019048,10.57326878,10.48511205,9.636513094,9.916362606
XP_021469381.2,9.64628119,8.650740884,8.709251942,8.760548896,8.157096094,8.91865141,8.940155897,9.010023242,7.462266815,7.786851088,8.368141653,8.765811493,8.056320045,10.00978956,7.628909045,8.006512608,8.850663427,8.062350205,7.568509897,7.111786971,9.356321032,8.211446329,8.50896481,9.276908117,8.924153136,6.925291127,8.415627325,9.078646026,6.826607258,6.199484783,6.39759667,7.372785002,8.911022062,7.261270773,8.415923046,9.440646063,7.855639218,5.808896966,7.649204046,8.694253001,9.5164226,8.308995767
XP_021469521.1,6.017095124,7.191816479,6.274660667,6.314874295,6.957155647,4.891994922,6.470416191,6.142566648,6.454998349,7.489290777,6.345323591,6.979706272,6.326101522,5.880431115,7.470128315,6.138753572,6.725048765,7.083531251,6.35932576,7.14356447,6.608551528,4.891994922,6.307253446,6.447862251,6.112215673,7.381655367,6.564133499,6.003059846,7.658754746,7.682611773,7.635416589,6.824581843,6.190162589,7.197553035,7.569819677,6.02722361,6.638870056,7.040114124,6.185393604,6.407716864,6.401565772,6.822679643
XP_021471969.2,5.591690169,4.891994922,5.474356434,6.181387335,4.891994922,5.129198225,5.202031997,5.531786397,5.957312606,5.171491217,5.409057335,5.638085178,5.82069291,5.952493664,5.804862356,5.582764752,5.406667182,5.75279105,6.08433237,5.785804215,6.226638807,4.891994922,5.944032575,6.784328524,4.891994922,5.587805481,5.892204677,5.658846683,5.091337794,5.273483165,4.891994922,5.598472197,5.511433265,5.554321111,5.499262,5.691914684,5.499855082,4.891994922,4.891994922,5.594493975,6.076321806,4.891994922
XP_021472031.1,8.466141214,8.585082143,7.958468001,8.434585925,8.404995073,9.02977965,7.989452337,8.300184049,8.448498666,8.464044755,8.706358702,8.207290582,8.286846547,8.686147586,8.573929604,8.731403681,8.578674939,8.516432487,8.575637199,8.51112635,8.756727006,7.61517717,8.0913146,8.119139993,8.115223891,8.812954237,8.688132025,8.693498103,8.490083691,8.301637445,8.325599894,8.059181078,8.359148922,8.306755175,8.649422048,8.098266257,8.83670315,8.422889413,8.266509539,8.221634192,8.849899499,8.177988675
XP_021472402.1,9.504722442,8.793131414,9.85559165,9.303382043,9.268280046,9.903665515,9.372951333,9.171936998,10.15682529,8.813147125,9.623474758,8.596384816,9.989805206,9.645935507,10.32930671,9.34239826,8.236075606,9.616237722,9.733311281,10.37872765,9.323671895,7.384111805,8.893471313,9.528976551,8.790097521,10.07089212,8.071412098,9.717441544,10.31485697,10.27926694,10.25353797,9.14998232,9.471387533,10.05059844,10.29811126,8.353173321,10.00596063,8.469858518,9.68563306,9.651078321,9.972791087,9.253434808
XP_021473575.2,7.237204457,8.696349846,7.228361626,6.774238613,9.042713803,7.352224858,6.567174989,7.631111443,7.028467132,8.436175704,7.946196972,7.756354697,7.614910644,7.703608526,8.031156309,7.628271775,7.392936111,8.165569599,7.760983595,7.728640755,7.355510022,4.891994922,7.412822638,7.39385067,7.045798778,8.095100571,7.614585539,7.013404299,8.459947305,8.536397718,7.810573824,7.785501364,7.744020666,8.61674247,8.570108241,7.015205838,7.591916424,7.8899113,7.801187636,8.313707407,7.135803404,8.162653961
XP_021473692.1,8.34930142,8.508395396,8.407662299,8.048330899,8.781150755,7.630296234,8.923831836,8.766686552,7.499779212,8.657301623,7.776082677,8.288622511,8.564537416,7.456424608,8.223415942,8.211721617,8.766333327,8.205549229,7.922400738,8.694023042,7.367575406,6.526253255,8.370906504,7.303281954,8.181429163,8.592621973,8.117684549,8.037884317,8.872136959,8.596365605,8.474435257,7.678709571,8.321726022,8.935426681,8.671748308,7.595581433,7.930585324,8.887415847,8.642745955,8.117768118,7.836952377,9.470643167
XP_021474046.1,12.63423693,12.48080252,13.10517738,12.69917745,12.39414536,12.99197755,12.82710078,12.74360587,12.61482943,12.65488049,12.27578629,12.73442734,12.44348486,12.76538183,12.27987178,12.22483733,13.02067559,12.75790482,12.64213984,12.07956461,12.94945913,12.4819005,12.69301817,12.40740062,13.13797,12.14837174,12.85308052,13.10376916,12.13509842,12.45667343,12.31468283,12.90151567,12.48067578,11.86151823,12.36162806,12.64474014,12.7055169,12.73500602,12.39705916,12.33209672,12.91610852,12.78679761
XP_021476402.1,7.176817908,6.578908246,7.706149966,7.040942925,6.670481157,7.213042923,8.013021091,6.89434843,7.235051085,6.790059431,7.23723685,7.208520519,7.059921206,7.417167951,6.741572301,7.221301002,6.900550234,7.272140532,7.956286463,6.797928485,7.765907619,6.940075191,7.64926527,7.303281954,7.381840455,6.791501746,7.126317818,8.252169515,6.616026475,6.864868967,7.090174962,6.747827027,7.44734593,6.451583975,6.757323919,7.637846747,6.980993792,7.422078576,6.723825518,6.876901407,7.897352426,7.192411366
XP_021476820.1,10.35514086,9.1808593,10.13288039,9.603914397,8.945971241,11.32697693,8.550791396,9.226188425,8.415229534,9.618398199,10.44950537,9.581397317,9.150443932,10.35316182,8.150772741,10.10780786,10.34133656,9.087672719,9.677615753,7.95422666,9.92857702,9.377463156,9.551832918,9.32348267,9.988422375,8.633625641,9.74050915,10.32961693,9.253586823,8.077695077,8.635219027,8.809736177,9.520063548,8.396551391,9.130714285,8.012570385,10.64031253,9.534206913,8.140436371,8.743663692,9.062756387,9.374961137
XP_021476917.1,7.126447993,7.562653419,6.784450179,7.68394572,8.429157024,7.28443813,7.407870692,7.049135937,7.452725291,7.961398142,7.293553722,7.107216937,7.614910644,7.186026838,7.403031468,7.486655759,7.097665345,7.286135596,6.755342671,8.065436436,6.988093761,7.251938658,7.511232582,7.308203479,7.163744511,8.313601951,6.892372471,7.366586019,8.293603058,8.334959316,7.830993835,7.767242783,6.816384544,7.302122936,8.000845517,6.842408498,6.361355806,6.843562804,7.675720662,7.700322684,7.572580465,7.223218914
XP_021477647.1,6.049996909,7.539270628,6.500024535,5.571387078,6.015583074,5.301925604,5.508560031,6.054669567,5.516244541,7.595774761,6.421577757,6.227447936,6.049560464,6.081534332,6.585092353,6.268413651,6.520233459,6.607680516,5.669618853,6.087193147,5.96800891,4.891994922,6.062106945,6.504816483,6.831480554,6.962831996,6.584882711,5.765862972,7.020261485,7.245267797,6.334402378,6.286331661,5.81260678,6.233969853,7.053435503,6.126467298,6.056682769,6.749020249,6.77667428,6.749637906,5.661778553,6.314980591
XP_021478946.1,7.213377582,6.545444602,6.500024535,6.933377383,6.755407642,6.599157806,6.656620691,6.705381959,6.974728691,6.708948239,7.018861781,6.324089157,6.777614635,7.277429339,6.725144036,6.795931601,6.19933497,6.698828114,6.650717872,7.15398917,6.682132204,5.86807429,6.759024158,7.184786965,6.69277046,7.03478773,6.2255825,7.005592124,6.79523094,7.008509998,6.882086959,6.637451221,7.243475549,6.700117671,6.532491875,5.935766601,7.146392289,6.296659386,6.77667428,6.734661954,7.114987112,6.509557565
XP_021479128.2,8.514092164,9.723787832,9.361907049,8.90268826,9.037507159,8.419514961,8.648608541,8.864827141,9.005331715,9.502926298,9.0042593,9.220970615,9.422770371,9.108568224,9.982326086,9.118807024,8.816298645,9.5659296,9.13810629,9.997665545,8.859920674,7.812978644,9.339705062,9.163287159,8.868706291,9.987504618,9.123692239,9.435317508,10.35107427,10.65506947,9.917933882,9.380198542,8.340560864,9.480019963,9.946271806,9.321580259,8.620859916,8.427656767,10.20569319,9.3778799,9.360216413,9.144093297
XP_021479195.1,8.244952629,7.171326706,6.121089298,7.543544211,6.293645639,7.659937519,9.005592731,8.300184049,7.919294372,6.880916688,7.661644352,6.828179178,7.331752485,7.880439135,6.725144036,6.834146032,6.153526843,7.091615732,8.262620749,6.851517409,8.363975617,4.891994922,7.412822638,8.054833888,7.362529043,6.127423277,7.456637423,7.890853961,6.901794307,6.878614954,7.158299944,7.198688933,7.836237527,7.107541797,6.592757676,7.015205838,8.582714042,6.698906062,6.827371268,7.546833418,8.467909622,6.660511801
XP_021480212.2,7.693919466,6.817736898,7.015719044,7.801623855,6.980267793,7.835958299,7.619736486,7.48471006,7.798019779,6.639968723,8.018658567,7.397157366,7.31193128,7.654248316,7.479449322,7.57551799,7.448192139,7.707672727,8.150537786,7.057055007,7.797009346,8.86699107,7.613443688,7.787786457,7.352768912,7.477084444,7.704822567,7.201698125,6.597497497,6.358446156,5.661474024,7.297222077,7.926920621,6.73177657,7.268808403,7.496728615,8.307335098,6.797184767,6.968304404,7.927641125,7.511474543,6.52731223
XP_021480223.1,7.94790202,7.615713953,7.521423964,7.476909832,7.090027217,8.568535495,7.821300258,6.948037687,7.673339262,6.774255884,7.808021378,6.412874548,7.582559409,8.443787013,7.332441975,7.509417704,5.616092913,7.115574738,7.66351159,7.045828458,8.053225367,7.105243333,7.654307572,7.370599231,7.561223226,7.023068992,7.586322033,7.529503643,7.176959575,7.008509998,7.513469996,6.415740069,7.493858532,6.747306161,7.617465302,6.326155104,7.979349475,5.574251329,6.923034426,6.929594337,8.053803902,6.92868484
XP_021480318.1,8.480696909,8.581344261,8.839087709,8.745525899,9.103761941,7.982954671,9.387879455,8.875327388,8.906577546,8.827479881,8.595076398,8.851665868,8.53160895,8.469027353,8.573929604,8.495159589,8.776887747,8.742247178,8.458044786,8.410043896,8.63096449,9.705282438,8.657217113,8.53323501,9.511758147,8.203603691,8.836784608,8.187599002,8.664726407,8.892316714,8.388383213,9.181991491,8.485687883,7.972570018,8.603693335,9.438046737,8.154094534,9.154095334,8.907567043,8.646788424,8.976954063,8.893624965
XP_021480363.2,9.902408066,10.03106257,10.12867038,10.13001451,9.383448368,9.392057954,9.234430104,9.837398991,9.740830125,10.35000314,9.119069556,10.07107921,10.28451439,9.595551234,10.19679201,9.808182489,9.84787646,9.515231909,9.856436567,10.44925633,9.53672792,9.972100126,9.743623048,9.524896679,10.02457692,10.41835897,9.946563078,9.827604996,10.11944906,10.30212864,10.18206244,9.904227508,9.549837446,9.672727949,10.32639677,9.507869448,9.651582059,10.17732032,10.23217421,9.940602089,9.353855779,10.24905834
XP_021481081.1,8.914393243,10.01185202,10.37778237,9.042246237,9.047901605,8.402334821,10.05730008,9.645824056,9.551622037,10.33008477,9.813372423,10.51952122,9.229283199,8.499960784,9.386305663,9.209753003,9.480553278,8.71746189,9.738657373,10.56587538,8.266734254,8.822507515,9.231403385,8.622236015,10.42693549,9.748355784,8.953472329,8.736802535,9.97460528,10.2033167,10.18888554,10.42833595,8.840325924,10.12796038,8.730645115,9.733351672,9.673255812,10.07086644,10.63409593,9.683877431,9.101274208,9.972595974
XP_036791395.1,5.646551158,6.010731989,6.078778074,5.73514657,6.547120452,4.891994922,5.783393771,6.121312722,6.022878725,6.190258243,5.662554351,5.701488382,5.554250849,5.499263226,6.360587121,6.029270579,5.585858821,6.092541438,5.7467491,6.185069894,5.768817653,4.891994922,5.964787296,5.548156281,5.610236653,6.224005362,5.662132416,5.765862972,5.851563025,6.459391068,6.267347507,5.452578221,6.086348481,6.049679126,5.709346921,6.216739249,5.342425786,5.989844154,6.345874472,5.487364267,5.339919356,6.050485232
XP_036791592.1,6.59313227,5.531297677,6.274660667,6.554149548,6.834886398,4.891994922,7.704882331,6.692559873,7.891691828,5.513136855,7.030127144,6.24417413,6.582173055,7.494581776,5.512964133,6.384014401,6.531354017,7.05068469,7.735072575,5.785804215,7.918941883,4.891994922,6.934337291,7.135386625,6.165640252,5.832689052,6.2255825,7.436380202,5.289737066,6.068972244,5.869234466,6.885145181,7.03534398,5.27661604,6.008426903,7.193579124,6.992698139,4.891994922,5.754464952,6.779057802,7.879505014,5.901715655
XP_036793026.1,5.389153846,8.24039621,4.891994922,4.891994922,7.338843341,4.891994922,5.94456215,7.491715135,5.628372936,8.323973741,7.661644352,6.398558595,6.303764192,5.744690424,6.639527821,5.760933689,6.725048765,5.210350114,4.891994922,8.579702862,5.96800891,4.891994922,4.891994922,5.692269896,5.931642688,5.962172122,6.908304633,5.106994995,5.703807716,9.174498007,7.993478563,7.092260899,5.203493209,9.229565305,5.447023777,5.833829134,6.290422183,8.195486419,7.2475863,6.967737678,6.711935416,6.579021898
XP_036793266.1,7.294977235,6.578908246,6.200714557,6.933377383,7.54877931,7.694687714,6.729808254,6.916095333,7.041561225,6.314888054,7.604330003,6.157723441,7.882977202,7.494581776,8.005962931,7.149555461,5.885283461,7.139105396,7.612072905,7.755586975,6.955699421,4.891994922,6.968355265,6.883210956,6.026236952,8.49074039,5.892204677,7.571225881,7.880370726,6.892213747,8.130929661,6.225782029,7.650349415,7.250860107,8.313874144,6.632129085,8.400301966,7.803700151,7.173641301,7.721943075,7.186452905,7.038312104
XP_036796661.1,5.78962755,5.858386513,5.832703259,5.940799412,6.670481157,4.891994922,5.426958674,5.61579471,6.054019796,5.84432842,5.741707493,5.759837897,5.742136288,5.454800368,6.07815933,5.331361401,5.554136053,5.832268935,5.669618853,6.31646294,5.631927344,4.891994922,5.426680868,5.357952576,5.557918564,6.048358003,5.762393467,5.263701702,6.130998603,6.850972192,6.568505842,6.286331661,5.331672703,5.699726798,6.501160582,5.579295741,5.442554273,5.767517447,5.754464952,5.876130344,5.968448643,6.336032093
XP_036796665.1,6.65050922,5.531297677,4.891994922,6.36095529,4.891994922,6.025943136,6.167912758,5.877929872,6.798509853,5.374600787,5.703196444,5.530161245,6.634059308,6.435838685,5.84406888,6.976430053,5.406667182,5.75279105,6.514111485,5.474258008,6.651143897,4.891994922,6.043428292,7.574911629,5.825752054,5.720307768,5.8511543,6.477861653,5.748947808,5.162139596,6.098771409,5.753082077,6.642241343,5.958632254,6.366532994,5.442131656,6.258542969,4.891994922,5.599617489,6.086410219,6.982622302,5.157681819
XP_036798755.1,7.54234621,7.201944009,7.585792346,7.731188874,6.957155647,6.264474128,6.457734401,5.957913125,6.196439858,7.070726981,8.050881948,6.10211052,7.722517014,8.18620717,6.048131696,7.428032074,5.616092913,5.992927473,8.073971547,7.263563076,8.012389131,4.891994922,5.98507953,8.085955445,6.216406893,6.762947223,6.843341052,7.655893865,6.213066981,6.850972192,7.045729388,6.92014314,5.677950971,6.946650369,6.770091084,5.101006321,6.998510837,6.112532217,7.478390415,5.543282656,6.795392774,8.43316516
XP_036799563.1,6.447332758,5.154766474,4.891994922,5.985362987,6.514169691,4.891994922,5.94456215,6.779632777,5.678031115,5.763892982,6.241905547,5.935994252,6.132693826,6.558699927,5.448251997,6.268413651,6.10555244,5.694890799,6.35932576,5.153802412,6.314178064,5.86807429,5.702714206,6.356707157,6.333573834,4.891994922,6.10557937,6.159809256,5.236720958,5.273483165,5.626435329,6.324882033,6.139592153,5.164364584,4.891994922,6.52797982,6.069752313,5.885863452,5.599617489,5.354462837,6.63777954,5.157681819
XP_036799753.1,8.441545748,8.089923491,8.748354164,8.393294844,8.12776428,8.949609856,8.579803627,8.557358824,8.815109254,8.504850617,8.342457401,8.728459125,8.281891029,8.678068732,8.421348662,8.791646883,8.678968064,8.754480435,8.618221319,8.207705388,8.736520658,8.952013805,8.50896481,8.785137644,8.549591184,8.111121302,8.394393371,8.54228833,8.120067114,8.077695077,8.244886388,8.553526684,8.410530634,8.485315825,8.742740924,8.369739257,8.593717392,8.510844318,8.444412245,8.364400878,8.769152187,8.354598933
XP_036800788.1,11.29084816,9.929417536,10.41800423,10.293237,9.596409566,11.08394529,10.11757618,10.61877374,9.682470407,9.96544271,11.21128821,10.15010906,9.926653296,10.59368714,9.497715729,10.24783465,10.36172907,10.97351162,10.19568642,9.131352141,10.52726812,9.799823953,10.45631877,10.44218137,10.11258199,9.801424483,10.32784275,10.37196964,10.50562676,9.646911387,9.361838622,9.882166737,11.17809427,10.13751499,9.897258635,10.73407485,9.880456014,9.607041209,9.926390554,10.70679922,10.52975326,9.56998335
XP_036800807.1,10.39640368,10.65159759,10.78052606,10.35696327,10.89589262,10.01450692,11.07744285,10.88066383,10.61115857,10.6986214,10.43450636,10.87756834,10.48806169,10.46096912,10.47124947,10.50789084,10.94516843,10.12900095,10.20266272,10.68325967,10.69418532,11.70931179,10.6453699,10.19209573,10.84666537,10.55008244,10.96106364,10.35895839,10.44695404,10.62961477,10.41103574,10.97109662,10.62419177,10.31999693,10.52686104,10.36608713,10.18550507,10.6741401,10.63078313,10.53983849,10.45656653,10.71915251
XP_036802730.1,8.859930458,9.408070781,9.432001129,9.027853577,9.375226882,8.349511159,9.152833272,9.171936998,9.239586313,9.589339674,9.103944466,9.596629647,9.546878386,8.959105503,9.578063818,8.814157752,9.290876063,9.273882614,8.996846843,9.551584877,8.859920674,8.910133472,9.267343697,9.625480478,9.713605502,9.204655809,9.423854886,8.582871176,9.598710076,9.430027945,9.506346659,9.650519229,9.231812144,10.07779574,9.621891098,10.9073132,8.62622698,9.400754158,10.08010923,9.325681669,9.131360596,9.507201208
XP_036802946.1,6.66904436,5.628237648,5.640511435,6.433755605,5.96048031,6.264474128,6.759887902,6.779632777,6.829634203,5.763892982,6.94913099,6.063222712,6.303764192,6.571587528,6.337792734,7.025969314,6.637164884,6.928705545,6.525197975,5.785804215,6.482888789,4.891994922,6.708494345,6.024806438,6.333573834,5.866927741,6.584882711,6.191530651,5.791580965,6.174694216,4.891994922,6.415740069,6.994435758,6.020302215,6.292618386,6.581194188,6.889642016,6.140939377,5.995030307,6.821926064,6.438402777,5.58912787
XP_036805570.1,10.39385908,10.21267425,9.895796248,10.26028498,9.92659925,10.33712854,9.930646578,10.27202377,9.913111848,10.44566388,10.76616433,10.56242242,10.06611209,9.949808101,9.366867838,10.45036651,10.04432126,10.21614959,10.1761287,9.429493791,10.26544206,10.10759572,10.35084142,10.05253438,10.08859148,9.31839203,10.57621827,10.05267028,10.06309372,9.171881818,9.046249596,10.46958498,9.925006641,9.075862702,9.988621842,10.09658698,9.756014656,9.688259053,9.626925135,9.789778807,9.835125799,9.536971887
XP_036805609.1,8.406381197,8.650740884,8.669048975,8.373824941,8.388655768,8.35309455,9.278368948,8.786304311,8.51278956,8.431477289,7.716675913,9.068216653,7.780450816,9.051471759,7.363146926,8.607882796,8.985884465,8.289042569,8.366478065,6.784165665,8.85784502,9.844863711,7.976321661,8.451329423,9.26178487,7.363559886,8.967859126,8.370197056,7.773973827,7.532445598,6.971301671,8.447971638,8.147058698,8.267176308,7.643969323,8.853756865,7.391731171,8.287720243,7.848367479,7.909008341,8.797622084,8.420368826
XP_036805857.1,5.910743713,7.074974511,6.73743747,6.107602421,7.025288378,6.316430407,6.263290873,6.242675559,7.015239888,6.866220695,6.713597828,6.427011434,6.762465648,6.040446457,7.235883492,6.942315876,6.715590001,6.546987548,6.640746149,7.034504416,6.179991002,7.812978644,6.835828782,5.830623899,5.964271368,7.390613197,6.826565406,6.428712418,7.500893755,7.605620821,7.277303493,6.824581843,6.412116216,6.390665229,7.012095422,6.202233169,6.082648278,6.343890705,6.923034426,6.573839061,6.173411973,6.766135843
XP_036805908.1,5.983001463,6.341808689,5.988160384,5.571387078,5.518154851,5.634713721,5.508560031,5.654082276,5.678031115,5.513136855,5.619421417,5.638085178,5.82069291,5.454800368,5.88151444,5.811971329,5.585858821,5.694890799,5.613150134,6.034362089,5.459672763,4.891994922,5.426680868,5.754608596,5.437307058,5.634844796,5.606184816,5.263701702,5.942950971,6.096475138,6.098771409,5.67994618,5.927987013,6.078183501,5.810863961,5.789317451,5.622701198,6.140939377,5.995030307,5.641966419,5.522962312,6.660511801
XP_036806324.1,6.46931377,6.493392644,6.376849761,6.866202792,7.373329097,5.557740421,6.808457288,6.755374055,6.874924693,6.708948239,6.364881054,6.807899156,6.998117362,5.975277937,7.070207032,6.584817677,6.055133728,6.7419696,6.194252563,7.057055007,6.241736842,6.248350499,6.916984047,6.173145129,6.419032099,6.641622589,6.584882711,6.222307561,6.951902327,6.945204256,6.961689825,6.885145181,6.502255679,6.933404534,6.855986377,6.671380524,6.269275069,6.873559904,7.675720662,6.672865824,6.491521758,6.52731223
XP_036808923.1,5.69737637,5.751927937,6.376849761,5.791599128,7.338843341,5.129198225,5.111434743,5.820157089,5.886622636,7.393740104,5.340377774,5.398034849,5.497418854,5.291211834,6.337792734,5.203271817,5.362235245,5.780174552,5.696237329,6.034362089,5.498318626,4.891994922,5.673937068,5.916762653,5.897772487,6.413749441,5.762393467,4.891994922,5.925421228,6.011497103,5.550289088,5.452578221,5.787481116,6.132820074,5.499262,4.891994922,5.644699977,6.843562804,6.549979063,5.354462837,5.661778553,6.491528279
XP_036809238.1,8.14458386,8.460319185,8.268048512,8.422008284,7.868091348,7.366836686,7.878197529,8.075750771,8.420030209,9.14298841,7.887791338,8.881444712,8.335471497,7.475636561,8.43079156,7.775428211,8.278489256,7.875991366,7.811400336,8.6127921,7.312410928,6.940075191,8.596663135,7.474405398,8.582474759,8.592621973,8.482525621,6.941334659,8.807512597,8.631171708,8.487223755,8.362320588,7.901605761,8.751425784,8.556449446,8.806054491,7.595636239,8.474471228,8.769226689,8.400163835,7.616689636,8.22793491
XP_036810697.1,6.46931377,6.674020242,6.956678557,6.107602421,6.808950367,5.767052873,5.985627947,6.334114378,6.022878725,6.405212674,6.325413124,6.521366926,5.554250849,6.140107727,6.992261866,5.85998929,6.228784816,6.872663863,5.7467491,6.75617549,6.541675388,4.891994922,6.67714837,6.52319605,5.557918564,7.425864282,6.999950518,5.881838446,7.731389215,7.234903858,6.774999688,6.286331661,6.238372016,6.906494729,6.925231275,6.560195161,5.988504783,5.921888994,6.923034426,6.672865824,6.023924085,6.473214173
XP_036812265.1,8.043117009,7.90341289,8.313639359,8.251036345,7.151720477,8.055474805,8.304103101,8.738185686,8.230607845,8.373850119,8.957315484,8.329272325,7.557786581,7.98111833,8.139257657,7.193066258,8.290377734,8.525042204,8.160225136,7.079222822,8.676488036,7.902240741,8.283704854,8.549469102,9.046725626,7.574100898,8.098039262,7.866159924,6.972792574,7.84496888,7.393577345,9.25687958,8.784341763,7.229792299,7.757326021,8.907471261,8.245683224,7.638637122,7.675720662,8.170655749,8.552186479,7.781235596
XP_036813203.1,9.616005661,9.319216067,9.650541263,9.632682313,9.538712672,8.854650831,9.328761496,9.774467364,9.545084136,9.715715932,8.979598403,9.761721276,9.546878386,9.102558347,9.329697603,8.673445632,9.547228071,9.579700826,9.076847457,9.660621371,9.033553495,10.54958652,9.867849953,9.616882989,10.08574262,9.290791278,9.441972347,8.879818386,9.457644386,9.460335421,9.82209331,9.504644086,9.269745119,9.733427517,9.339782711,10.93288397,8.739467206,10.12288835,10.21899453,9.615626177,9.250343371,9.407568045
XP_036813232.1,8.261948325,10.64359992,9.898272147,8.124390281,9.181316662,7.374083802,9.381926803,9.600779607,8.763322047,9.997377555,8.73615499,10.66964313,8.643676875,7.698210201,10.14644974,8.438174436,9.918913369,9.530913352,8.410304128,9.329497563,8.042205299,10.37645919,9.484080164,8.508531546,9.645552734,9.868234273,9.81583028,9.646578125,9.977860999,9.645028629,9.736822294,9.554349554,7.80920815,9.682091053,9.093490748,9.210157271,8.495407491,10.11116217,9.735880049,10.05918167,9.428385939,9.617193424
XP_036813240.1,7.213377582,7.006565493,7.858819036,7.458158313,6.579174788,7.292140914,7.010601671,6.958510888,7.363696275,7.045255897,7.208162699,6.988607275,7.07193796,7.735564251,7.044740236,7.276038645,7.0178968,6.937811397,7.373249574,7.090167555,7.547334501,7.812978644,7.00149853,7.780845106,7.333034394,6.833146869,7.253831802,7.586550596,7.000130358,6.850972192,7.191088972,7.102299005,7.330045953,6.683976423,7.141934124,7.439152493,7.67853355,6.515093613,7.2475863,6.942435033,7.609435558,7.429806056
XP_036815135.1,6.573378867,8.249880264,8.051501884,7.419862544,7.248554497,6.397895226,6.985973505,7.115507423,7.689551359,8.527025044,7.489969247,7.579926292,7.654310167,7.703608526,7.577995645,6.463465082,7.699770944,8.030255417,7.138183796,8.44726657,7.254887288,7.986146759,7.544339423,7.179388151,7.342937732,8.100461074,7.139635586,6.501671264,9.264308045,8.421648193,7.635416589,7.271061089,6.514576589,8.210883294,7.763359937,7.761636215,7.088145004,7.164265153,8.333810258,8.160235569,7.2542667,7.690650087
XP_036816455.1,8.239241743,7.854197774,7.623014466,7.998085092,6.957155647,8.989109926,7.685314611,7.970966448,8.134282175,7.974464844,8.513199161,7.834437897,7.915545306,8.256939376,8.110051912,8.414725215,7.748501202,8.070260812,8.20457447,8.269184554,8.004835193,7.717603098,7.703744269,8.121870431,7.778530562,8.398443313,7.713530765,8.045212164,8.25893865,8.094525582,7.96614051,7.923550954,8.069904835,7.773576855,7.990648809,7.274492123,8.459731562,7.773736024,7.824977142,8.175837149,8.386705121,7.733194655
XP_036816991.1,8.370324167,8.551082961,8.328516162,8.602695019,8.346965516,7.835958299,8.490931704,8.473231722,8.561342728,8.632998357,8.182578311,8.677086389,8.400862593,7.989922306,8.556804678,7.941930559,8.506818468,8.666562398,8.338383444,8.557208807,7.958637621,9.180448015,8.629781878,8.389473414,8.661511369,8.345452455,8.399731687,7.966294988,8.766532564,8.668874577,8.467997642,8.557030561,7.910095026,8.48961189,8.453299724,9.679382207,7.789418343,8.287720243,8.896536014,8.341582695,8.085177129,8.232833861
XP_036817795.1,8.322577256,8.516252554,7.919455653,8.211291084,8.304013122,7.935650468,7.695133036,8.164681895,8.51278956,8.83459276,8.045562396,8.22177526,8.044623621,7.698210201,8.373169217,8.014380387,8.002499209,8.386933783,7.914757933,8.341361747,7.814474625,8.464991149,8.355722764,8.159551865,8.339360027,8.436928117,8.657340505,7.793723222,8.535236115,8.399343415,8.657986976,8.481575603,8.510805507,8.277175166,8.377536657,9.184004321,8.126434571,9.131007198,8.929377363,8.391307174,7.631084255,8.458417393
XP_036818593.1,9.546609212,9.371892957,9.000316136,9.02991854,8.710819785,10.04341249,8.871585465,9.091015694,9.615416744,9.263638762,9.192391832,8.679699397,9.388850115,9.654163966,9.797064082,9.213138402,8.546910812,9.181085058,9.593945409,9.737296885,9.405363263,9.466685944,8.865987612,9.298591878,8.855341784,9.741582476,8.621316975,9.745505019,9.465790724,9.451741149,9.955010123,8.700090043,9.231812144,9.864189711,9.413311245,8.493226543,9.941007501,9.20195787,9.364722074,9.53999818,9.753797496,8.788363916
XP_036820121.1,9.970619902,9.753843983,9.534311631,9.449213391,9.32488486,10.41573718,9.177115301,9.693944487,9.80240549,9.525021289,9.704135252,8.934844578,9.876995363,9.839928295,9.859188833,9.637499776,9.116090798,9.649260243,9.814530146,9.962622615,9.84747497,8.279207937,9.260875652,9.685179949,9.140509467,9.877530387,9.225897296,9.972335815,9.583821046,9.56762339,10.00779169,9.415220638,10.02853071,9.557380119,9.527490641,8.939126756,10.3739856,9.346706166,9.340549978,9.511849517,9.937819989,9.125903426
XP_036820770.1,8.119893728,9.105038435,8.220940973,7.941543268,9.875107998,8.290910352,7.798783333,7.058826094,8.624993565,9.287115722,7.905570363,8.967235767,9.20087579,8.011693722,9.013658866,8.879639813,8.090428272,8.487351473,7.918584551,9.090299016,7.499124909,9.144813901,8.481287051,7.578943673,7.92175635,9.056730936,8.867820135,7.61669728,9.589156266,8.482301662,8.913277767,8.570960543,8.299431105,9.299437732,9.146700705,7.651652168,8.620859916,8.703685525,8.444412245,9.119767083,7.572580465,9.112767988
XP_036823462.1,8.928573404,8.456238528,8.874837697,8.835748358,8.046424665,9.080121809,8.984110831,8.877940456,9.346290272,8.287986392,8.934680447,8.912836163,8.900195692,9.436041057,8.358390768,8.796177496,9.432103323,9.002164926,9.559307145,8.491476287,9.454158448,8.680096453,8.82044465,9.436431145,8.747301978,8.825859936,8.675016902,9.587013796,8.234433212,8.62351009,8.524913936,8.59841862,8.632692748,8.689405193,8.500465672,8.616113312,9.191195622,8.753773117,8.45953252,8.715638633,9.771388928,9.464458752
XP_036824218.1,5.465132952,6.595292813,5.640511435,6.375898377,6.782466363,4.891994922,5.965326421,6.183781596,6.196439858,6.468489025,6.174653271,6.339389314,6.546282898,5.579153213,6.404820695,6.067146559,6.072231203,6.26608308,6.333504123,6.770249305,6.043949409,4.891994922,6.307253446,5.692269896,5.658726465,6.688539305,6.073198566,5.983950095,6.803148958,7.06886859,6.632970883,6.450121783,6.222547773,5.857384319,6.547848851,6.216739249,6.043433561,6.112532217,6.77667428,5.909328496,6.218686441,6.376965811
XP_036824607.1,6.791491196,7.578023602,8.283409034,7.731188874,8.355402101,7.416770645,8.387198398,8.402154375,7.51815616,7.941566902,7.168381537,8.73600812,7.444938193,7.856510674,8.150772741,7.149555461,8.642468269,7.676653236,7.752400191,7.554912508,8.075009944,8.680096453,8.22132036,7.443642797,8.218662652,8.111121302,7.696059286,7.6315268,7.568885497,7.851615831,7.993478563,8.514404242,7.675620828,7.399138937,8.305711601,7.83174064,7.255720451,7.613363319,7.894004309,8.221634192,7.773817859,7.538553441
XP_036825922.1,5.646551158,6.381658064,4.891994922,5.985362987,7.338843341,5.93137129,6.024943836,6.077391768,6.08418448,6.405212674,5.969510288,6.308572028,6.509264835,6.081534332,6.447383312,5.811971329,6.137788654,6.442834779,5.941310266,6.683295311,5.743382355,4.891994922,6.277704643,5.866131031,5.50078137,6.374323204,6.10557937,5.687095395,6.704632325,7.057018346,6.632970883,6.415740069,5.990566373,6.471187501,6.253684098,6.460754217,5.930103378,6.195470215,7.054345999,6.688609623,5.618687209,6.050485232
XP_036826096.1,6.902991544,5.263099929,6.528863369,6.14516813,4.891994922,6.282072472,6.405550534,6.351514769,5.848997474,5.374600787,6.439860919,5.839923862,6.209461639,6.140107727,5.763654027,6.327738446,6.001926793,6.111291327,6.223602567,5.710036393,5.906610427,4.891994922,6.247319758,6.447862251,5.931642688,5.991795181,6.521508964,5.790419518,5.791580965,5.358547425,5.550289088,5.993293089,6.451618447,5.989980788,6.311570466,6.351865025,6.236748383,5.574251329,5.995030307,6.656915751,5.878292453,5.157681819
XP_036826612.1,7.926630042,8.69289273,7.740305736,8.064688322,8.934807452,7.458156537,7.993408035,8.168984647,7.51815616,9.154385461,7.814322134,8.634614261,8.14107766,7.362994998,8.338443694,7.958356958,8.478585103,7.772591557,7.223336834,8.143430852,7.634021707,10.2649478,8.065311504,8.159551865,8.703185103,8.23313312,8.507440645,7.46443521,8.26432717,8.072039917,8.202735827,7.966696295,8.069904835,8.32613771,8.342078612,8.683742665,7.246144135,8.783745766,8.602508113,8.16545527,7.914974958,8.487322627
XP_036829820.1,8.70366249,7.681064339,8.553846945,8.159034574,8.025333581,9.203692066,8.304103101,8.514233478,8.453188479,7.507622766,8.497793172,8.081760179,8.960047334,8.42132809,8.333412796,8.946335267,8.059403086,8.355047989,8.580432068,7.971480041,8.36983743,7.902240741,8.145470637,8.67308696,8.414471118,8.290405424,7.959556945,8.62233056,8.056095802,8.306445929,8.072438919,8.245254402,8.365291229,7.883219075,8.28093807,8.632182611,8.314022608,7.861761776,8.249172669,8.005637728,8.502991624,8.237715908
XP_036830178.1,8.132292808,6.994805696,8.864714226,7.148249328,5.838906422,6.6759179,7.665466232,8.441685875,7.60651865,6.29109806,7.536863985,8.132552636,8.236493314,7.714342482,6.691614474,7.84796881,7.644578924,7.53933177,7.144931906,6.915459752,7.531452431,4.891994922,7.488707885,7.679837146,7.186118762,7.135781685,7.456637423,7.074268599,6.251787952,6.718443478,6.38213104,7.761102914,7.355599586,7.361164586,6.744423993,8.293619992,7.347901712,5.808896966,6.418048363,7.419285063,7.263679136,7.171468954
XP_036830713.1,9.798441012,8.508395396,9.347468398,9.695056388,9.227742726,10.3099431,9.073727475,8.717891336,9.604978843,8.303521549,9.585919599,9.143796665,9.377363082,9.59697489,9.101638989,9.794707064,8.742835556,8.996004518,9.5508197,8.979399797,9.769258471,6.526253255,9.015824305,9.445094903,8.77951815,9.006659682,8.747792082,9.860819981,8.83479505,8.73076912,8.936701929,8.648519525,8.913110801,9.0672983,8.855602654,8.7504157,10.30296951,8.483652024,8.929377363,8.910464391,9.424345231,8.562943796
XP_036831535.1,7.597766723,6.970960434,6.976659992,7.561168428,8.067204198,6.152223804,6.709339978,7.21348843,6.782652701,7.686635581,6.527151724,7.178167436,7.787525644,7.349106034,7.542975037,7.119732063,7.032767659,7.025495727,6.480204363,8.027506054,6.458514047,8.629285643,7.253735393,6.776958186,7.323057764,7.417136957,7.381340992,6.441199098,7.750907852,7.824835868,7.747452661,7.040882964,7.143506853,8.021182423,7.604019728,7.925072817,6.361355806,7.210830432,8.366299551,7.419285063,6.19629647,7.358291656
XP_036832577.1,8.49510521,8.423164716,10.24408269,8.81911016,7.54877931,8.206159232,9.365428709,9.733330758,9.774742788,8.09885363,8.289650112,9.188402848,9.716835135,8.667225312,7.980309442,9.006161654,10.14838882,9.211508742,9.705186878,8.865294659,9.664215127,10.98106677,9.841035292,9.172454184,10.11816923,8.14781,9.3653803,10.03550438,7.448793144,8.646372602,8.263638384,9.261165439,9.464297312,8.800554733,8.891327548,10.02745166,10.28507692,8.510844318,8.366299551,9.26911293,8.642269529,8.147150883
XP_036833872.1,6.840487846,7.251457755,7.034816181,6.488812572,6.957155647,6.68825158,6.62385459,6.826780057,7.015239888,7.423116609,6.608383886,7.316566254,6.61701217,6.421342221,6.850870827,6.17272349,7.111660698,6.919534496,6.3720142,7.15398917,6.314178064,8.211446329,6.739059671,6.862664449,7.229767656,6.999309512,7.099271404,6.191530651,7.188726385,7.057018346,6.892312871,7.658978894,6.685491233,7.142018339,6.782728535,7.642463911,6.926967614,6.68173625,6.923034426,6.942435033,6.622388343,6.953864143
XP_036833989.1,6.081808214,5.415389745,6.584501182,6.988278482,4.891994922,6.663458077,6.278381549,6.142566648,5.809601295,5.374600787,5.662554351,6.354479702,7.370541818,7.178119046,5.804862356,7.164218409,6.10555244,5.562644498,6.773446574,6.006809831,6.640636019,4.891994922,5.730406407,6.724103281,7.302879941,6.354075932,6.00498769,6.323488078,5.604058105,5.693274739,5.6948499,5.717410966,6.343034352,6.348137365,5.672230415,5.665432517,6.144715081,5.921888994,6.418048363,5.876130344,7.156296406,5.636252861
XP_036835315.1,10.59000249,10.77305713,9.653476637,9.45842888,10.45469498,9.968872192,8.995868135,9.981232169,9.954787563,11.08094734,9.486533116,9.610338626,10.39557521,10.58726202,10.56151107,9.974761876,8.989514618,9.951981047,10.05371332,10.32346963,9.225849093,9.495237251,9.489619428,10.21630931,11.06767502,11.11422305,9.597818357,9.866963374,11.15203826,11.56093193,10.12729746,9.271824454,10.22319203,9.852630345,10.72499231,10.82825774,10.78177035,9.885364447,10.56287664,9.667571332,9.570428386,10.43953698
XP_036835711.1,9.759411927,8.689427225,9.472473338,8.992286212,8.421148598,9.973501286,8.442888193,8.630599943,9.144659024,9.105310008,9.738763538,9.007240465,9.674315823,9.148003213,8.590851212,9.469493574,9.265677723,9.400394416,9.528762019,9.271036469,9.29179896,6.940075191,8.634809501,9.357161692,8.348969147,8.783483405,8.648419527,8.933639766,8.875643031,8.975764806,9.065491115,8.608580578,10.27672633,9.28720726,8.507585199,8.319449684,9.429076876,7.931100852,8.616047243,9.683877431,9.362330383,8.523644158
XP_036836535.1,9.040494273,7.181611144,8.138763398,8.968792501,7.677299358,9.175796249,7.886748791,8.014781084,9.039901486,6.405212674,8.092729751,6.877496149,9.089744734,8.779689227,9.11043974,7.974593145,6.940867331,8.32242928,9.652908306,9.385672302,8.343266494,5.86807429,7.80667279,8.618396186,7.483404487,9.253145266,6.383331195,8.695810315,9.320602156,8.892316714,9.37045042,7.923550954,9.289145476,8.864639803,8.70304917,8.094936732,9.109492634,7.679758294,8.972026138,8.624337658,8.743360619,7.253330531
XP_036836789.1,16.10729244,15.87319071,16.31764736,16.13892917,15.13171069,16.1522724,16.59461403,16.57058457,15.93693833,15.8637624,16.28371451,15.96404335,16.0846081,16.53783294,16.04012117,16.21892262,16.26018109,16.15572777,16.26711749,15.95989654,16.5890676,15.87240374,16.2951448,16.22081543,16.41082239,15.75354384,16.07612948,16.32642455,15.49146943,15.93115204,15.85331591,16.49733732,15.7372556,15.64993103,15.73401478,16.17980395,16.10999035,16.07148919,15.9041186,16.07787946,16.59748521,15.8812894
XP_036837128.1,5.591690169,7.280308556,4.891994922,5.869471452,6.980267793,5.796812058,5.85625707,5.724942578,5.957312606,6.360969428,5.813399422,5.889294937,5.989867678,5.615581512,7.756160749,5.647289127,5.86424851,6.3130016,6.35932576,6.230703678,5.927549689,4.891994922,5.545014133,5.866131031,5.610236653,5.991795181,5.807990173,5.263701702,6.313351779,6.670914227,6.645458612,6.019199034,6.122158677,5.554321111,6.213269324,5.187324321,6.069752313,6.646653147,5.995030307,6.086410219,6.076321806,5.636252861
XP_036840850.1,9.684293571,10.91195604,9.425143572,10.28636207,10.47979609,9.040874965,10.46411514,10.51303502,10.02219687,10.79165788,10.07698554,10.95580282,10.61653545,9.964212636,10.66742419,9.637499776,10.70053572,8.846468732,9.631223188,10.69098393,9.425080559,11.35223007,10.16623787,9.971727189,10.17823987,10.64833278,10.90627986,9.101449258,11.85121929,10.80745753,11.34658818,10.031187,9.631839902,11.07012702,10.78589993,9.755428878,9.285499916,10.49968298,10.91302411,10.68448477,9.466216542,10.67258872
XP_036840951.1,6.081808214,6.401061206,6.343832816,6.876018939,5.696268366,5.515421073,6.77954323,6.41851601,5.957312606,6.725601763,6.284468657,7.014948791,5.857283836,6.435838685,6.07815933,5.706301969,6.789308998,6.7097562,6.468677708,6.161475097,6.163961697,7.717603098,6.959934746,6.724103281,6.112215673,5.48166528,7.057627251,6.075849078,5.907537894,5.981390861,5.626435329,6.680019113,6.2064811,6.105878533,6.008426903,6.891898471,5.959773776,5.515756933,6.26864297,6.465784323,5.909379319,6.836425845
XP_036843856.1,5.531750117,5.891031074,5.640511435,5.607419756,6.409292342,5.825506359,5.879191397,5.905407306,5.516244541,6.725601763,5.84698444,5.731226314,6.020186274,4.891994922,6.62165557,4.891994922,5.905816842,5.724399128,4.891994922,7.111786971,5.372645382,4.891994922,5.702714206,5.429267962,5.50078137,5.759585689,5.606184816,4.891994922,6.469420755,5.849754172,6.013647147,6.019199034,4.891994922,6.716049016,5.778469818,5.253384368,5.442554273,5.172684695,6.094814989,6.002074103,5.408530082,5.538294404
XP_036844456.1,11.41458578,10.26807212,10.3936553,11.23274011,10.42318891,11.1508205,10.30123727,10.95281502,11.20624131,10.74353942,11.45811265,10.66767982,11.36220874,10.78673661,10.52804876,11.19157917,10.65454693,10.99111444,10.42241577,10.12735815,11.22324452,11.47180076,10.84574753,11.30512592,11.70652024,9.921634454,11.1900557,10.58186929,10.33149012,10.41129429,10.34013951,11.9170158,10.96492362,10.46036245,10.58152097,11.04115699,10.89075909,10.7507406,10.63078313,10.56448794,11.66972407,11.03330185
XP_036844665.1,6.612564007,7.211995,7.682902613,6.697702364,7.93765187,6.759758839,7.738474746,7.899967063,7.141848091,7.363712785,7.851540084,7.917353693,7.331752485,7.240102621,7.322049676,7.073690103,8.169971142,7.199880193,7.553676619,6.864566099,7.44348544,7.61517717,7.815662908,7.759810726,7.428948265,7.178295106,7.845913033,7.508156419,6.951902327,7.373183536,7.37957904,8.159918772,7.476601606,7.010910364,7.392603053,7.727381645,7.060790133,7.210830432,7.537721988,7.428169724,6.558765558,7.704977228
XP_036845872.1,6.612564007,8.610976468,8.005755032,7.464437514,8.521897599,7.498322438,6.507646715,7.910332894,7.403987475,7.710413152,6.849838925,7.090917627,7.549428661,6.825115058,8.373169217,7.009665707,7.409750241,7.946656643,7.588041729,8.202863676,7.361556177,8.343875521,7.436625657,6.910099803,7.020879055,7.994947472,7.336358309,7.028889038,8.311923085,8.920676494,7.905013312,8.141277291,6.806790673,7.773576855,8.453299724,7.250113881,7.51532313,7.320594495,8.159150214,7.040801993,7.487838109,7.455681861
XP_036845925.1,11.01108768,11.2138795,11.47650736,10.86698219,10.71260876,10.54259342,11.11419725,11.26569165,11.0405244,11.07048426,11.28056375,11.20036706,11.06982404,9.893023002,11.03246184,11.51396827,11.17744284,11.28983207,10.12644805,11.34999136,10.3495429,10.79866626,11.10688549,10.61793171,11.45785079,10.96608542,11.1614921,10.30570591,11.09100075,11.24872545,11.3474592,11.07374124,10.81326212,11.04787238,11.15423754,11.19008545,10.58152494,11.09889478,11.28791811,11.41638478,10.4771635,10.85753471
XP_036846301.1,6.962574071,7.270760507,7.178324866,7.023624318,7.303452636,5.634713721,6.519796462,6.905268215,6.750319662,7.38380481,6.996033484,7.147103382,7.34155481,6.704898657,7.311576554,6.889380286,7.281294911,7.05068469,6.80011837,6.877481747,6.300074238,7.251938658,7.306715913,6.739436379,6.831480554,7.589623592,7.277933037,6.075849078,7.811586922,7.87789164,7.098885921,6.896918242,7.323581159,7.700386347,7.277425327,7.969503714,6.654224562,7.507350981,8.022615068,7.988019524,6.023924085,7.233331771